First Name,Middle Name,Surname,Identity Type,Identity No,Email Address,Phone Numbers,Physical Address,Postal Address,Sex
Beth,,Smith,Passport,9264080,beth.smith8@inbox.org,(610) 970-6148,"2031 Davis Ln, Los Angeles","PO Box 9006, Houston",Male
Fiona,E.,Davis,Driver License,2873137,fiona.davis9@inbox.org,(272) 374-3983,"9475 Miller Ln, New York","PO Box 9500, New York",Female
Fiona,,Taylor,Passport,8736726,fiona.taylor7@inbox.org,(842) 921-5828,"9467 Davis St, Phoenix","PO Box 1842, Chicago",Female
Fiona,D.,Anderson,Passport,9289357,fiona.anderson7@example.com,(294) 610-7018,"3742 Williams Rd, New York","PO Box 4482, Los Angeles",Female
Eli,C.,Miller,National ID,1468353,eli.miller5@mail.net,(487) 262-8700,"4705 Moore Ave, Chicago","PO Box 6217, Los Angeles",Male
Eli,,Smith,Passport,8378169,eli.smith7@example.com,(920) 432-3440,"5529 Miller St, Los Angeles","PO Box 7411, Houston",Female
Greg,D.,Moore,Passport,7939022,greg.moore5@example.com,(294) 139-4318,"3753 Williams St, Phoenix","PO Box 9552, Los Angeles",Male
Jenna,,Wilson,Passport,2520800,jenna.wilson8@example.com,(511) 894-1141,"8687 Brown St, New York","PO Box 2374, Chicago",Female
Hannah,,Anderson,Passport,3046777,hannah.anderson7@inbox.org,(239) 621-2593,"9615 Jones Ave, Phoenix","PO Box 6143, Los Angeles",Male
Eli,E.,Wilson,National ID,2106802,eli.wilson7@inbox.org,(512) 538-7276,"5742 Wilson Ave, Houston","PO Box 5970, Phoenix",Male
